,Mouse,Power,Arcane,Draconic,Forgotten,Hydro,Parental,Physical,Shadow,Tactical,Law,Rift,Gold,Points
0,Abominable Snow,2300,100,0,100,100,0,100,100,100,100,0,5000,5000
1,Absolute Acolyte,54000,0,0,0,0,0,0,0,0,0,2500,300000,1000000
2,Acolyte,36464,25,0,175,0,0,0,25,0,0,0,36309,31850
3,Admiral Arrrgh,1800,101,101,101,101,101,101,101,101,101,300,7000,45000
1050,Admiral Cloudbeard,81690,500,500,500,500,0,500,500,500,500,0,60000,388500
4,Aether,9800,0,0,0,0,0,125,0,275,0,0,18000,56000
5,Aged,9000,0,0,0,0,0,100,0,0,0,0,4000,6910
1046,Agent M,38885,0,0,0,0,0,0,0,0,300,0,31500,210000
6,Agitated Gentle Giant,1000,10,10,10,10,0,10,10,10,10,100,2510,26700
7,Alchemist,2420,0,0,0,175,0,100,0,100,0,0,125,1310
8,Alnilam,7808,0,0,0,0,0,0,0,175,0,0,3200,6190
9,Alnitak,7700,0,0,0,175,0,0,0,0,0,0,2560,8170
10,Alpha Weremouse,21000,100,0,0,0,0,0,150,0,0,0,3000,29000
11,Amplified Brown,750,10,10,10,10,0,10,10,10,10,100,2900,25250
12,Amplified Grey,750,10,10,10,10,0,10,10,10,10,100,1600,24250
13,Amplified White,750,10,10,10,10,0,10,10,10,10,100,9000,24000
15,Ancient Scribe,16700,100,0,300,0,0,0,0,0,0,0,6050,80000
14,Ancient of the Deep,37999,0,0,0,100,0,0,0,0,0,0,27000,90000
16,Angelfish,4960,0,0,0,100,0,0,0,0,0,0,2535,28000
17,Angler,8709,0,0,0,100,0,0,0,0,0,0,2800,35355
18,Angry Train Staff,3499,0,0,0,0,0,0,0,0,200,0,2500,3500
19,Aquos,4600,100,100,100,100,25,75,400,75,0,0,1000,6750
20,Arcane Summoner,22000,150,0,0,0,0,0,100,0,0,0,7000,45000
21,Arch Champion Necromancer,72000,0,0,0,0,0,0,0,0,0,900,6000,100000
22,Archer,4080,0,0,0,0,0,100,0,175,0,0,750,4500
23,Armored Archer,2590,0,0,0,0,0,0,0,0,0,100,800,35000
24,Artillery Commander,21065,100,0,0,50,0,50,0,50,0,0,500000,250000
25,Ascended Elder,375015,0,0,0,0,0,0,0,0,0,350,80000,400000
26,Ash Golem,13601,100,0,300,0,0,0,0,0,0,0,5000,45950
27,Assassin,13175,0,0,0,0,0,100,0,175,0,0,3400,5000
28,Assassin Beast,14999,10,10,10,10,0,10,10,10,10,100,50000,285000
1022,Astrological Astronomer,11825,0,0,0,0,0,0,100,0,0,0,26000,80000
29,Automated Sentry,950,10,10,10,10,0,10,10,10,10,100,4500,30500
30,Automated Stone Sentry,20250,100,0,300,0,0,0,0,0,0,0,10000,60000
31,Automorat,3751,0,0,0,0,0,0,0,0,200,0,8000,6000
32,Balack the Banished,72929,50,0,200,0,0,0,25,0,0,0,41000,80000
33,Bandit,100,25,25,25,25,25,200,25,100,100,0,180,300
34,Bark,5000,0,0,0,100,0,0,0,0,0,0,1950,11250
35,Barkshell,8000,0,0,0,100,0,0,0,0,0,0,950,16525
36,Barmy Gunner,275,100,100,100,175,0,100,100,100,100,0,200,350
37,Barnacle Beautician,5400,0,0,0,100,0,0,0,0,0,0,2500,26000
38,Barracuda,8600,0,0,0,100,0,0,0,0,0,0,4000,38500
39,Bartender,4498,0,0,0,0,0,0,0,0,200,0,5000,4750
40,Bat,515,100,0,100,0,0,100,200,25,0,0,3000,3000
41,Battering Ram,59974,25,0,0,0,0,0,25,0,0,0,100,900
42,Battle Cleric,10851,100,0,300,0,0,0,0,0,0,0,8760,50000
43,Bear,700,100,0,0,100,0,100,100,175,100,0,575,310
44,Bearded Elder,7825,0,100,0,0,0,0,0,0,0,0,5000,45000
45,Beast Tamer,4210,0,0,0,0,0,0,0,175,0,0,3125,5000
46,Berserker,600,50,50,50,50,25,50,50,200,0,0,210,425
47,Berzerker,8250,0,0,0,0,0,0,0,0,0,175,1500,40000
48,Betta,4960,0,0,0,100,0,0,0,0,0,0,2535,28000
49,Big Bad Behemoth Burroughs,35002,10,10,10,10,0,10,10,10,10,100,21000,250000
50,Big Bad Burroughs,51151,100,0,0,0,0,100,100,100,0,0,24500,22700
51,Bilged Boatswain,250,100,100,100,175,0,100,100,100,100,0,250,350
52,Biohazard,12999,0,0,0,100,0,0,0,0,0,0,6300,64000
53,Bionic,602,100,0,100,100,0,100,100,100,100,0,550,550
54,Birthday,765,100,100,100,100,100,100,100,100,100,100,810,900
55,Bitter Root,6825,0,0,100,100,0,0,0,0,0,0,2000,25000
56,Black Diamond Racer,1215,100,100,100,100,0,100,100,100,100,100,2000,18000
57,Black Mage,1550,100,100,100,100,25,75,400,75,0,0,3500,4440
58,Black Powder Thief,4999,0,0,0,0,0,0,0,0,200,0,8000,9000
59,Black Widow,4010,100,100,100,100,0,100,100,100,100,100,10,480
60,Blacksmith,27899,0,0,0,0,0,300,0,300,300,0,6000,21000
61,Bloomed Sylvan,1750,10,10,10,10,0,10,10,10,10,100,7180,44400
62,Bog Beast,4200,0,0,0,100,0,0,0,0,0,0,4700,11500
63,Bonbon Gummy Globlin,1800,101,101,101,101,101,101,101,101,101,300,5000,40000
64,Bookborn,6100,0,0,0,0,0,125,0,200,0,0,950,11900
65,Borean Commander,755,100,100,100,100,0,100,100,100,100,100,8000,15000
66,Bottled,3600,0,0,0,175,0,100,0,100,0,0,660,3360
67,Bottom Feeder,3930,0,0,0,100,0,0,0,0,0,0,1900,19100
68,Boulder Biter,1500,10,10,10,10,0,10,10,10,10,100,14000,70000
69,Bounty Hunter,4200,0,0,0,0,0,0,0,0,200,0,4000,6000
70,Brawny,882,10,10,10,10,0,10,10,10,10,100,2000,19500
71,Breakdancer,750,100,100,100,100,100,100,100,100,100,100,1920,3160
72,Breeze Borrower,3500,100,100,0,0,0,0,100,0,0,0,2250,32000
73,Briegull,635,0,0,0,175,0,100,0,100,0,0,440,360
74,Brimstone,3200,150,0,125,0,0,0,200,0,0,0,2300,11200
75,Brown,3,100,100,100,100,0,100,100,100,100,100,150,115
76,Bruticle,16800,0,0,0,200,0,0,0,100,0,0,5040,16560
77,"Bruticus, the Blazing",58920,0,600,0,0,0,0,0,0,0,0,15000,90000
78,Buccaneer,4544,0,0,0,175,0,100,0,100,0,0,2750,4290
79,Buckethead,500,100,100,100,100,100,100,100,100,100,100,2000,1700
80,Builder,510,100,100,100,100,0,100,100,100,100,100,900,12000
81,Bulwark of Ascent,818250,0,0,0,0,0,0,0,0,0,7500,12000,80000
82,Burglar,4015,100,100,100,100,0,100,100,100,125,100,1250,1420
83,Burly Bruiser,6300,0,100,0,0,0,0,0,0,0,0,4500,15000
84,Cabin Boy,100,100,100,100,175,0,100,100,100,100,0,100,270
85,Calalilly,6000,0,0,0,100,0,0,0,0,0,0,2050,15250
86,Calligraphy,1317,150,150,150,150,150,150,150,150,445,445,888,2888
87,Camoflower,9000,0,0,0,100,0,0,0,0,0,0,1250,11000
88,Camofusion,14500,0,0,0,100,0,0,0,0,0,0,2850,19500
89,Candy Cane,85,100,100,100,100,0,100,100,100,100,100,700,3165
90,Candy Cat,1250,101,101,101,101,101,101,101,101,101,300,1000,4250
91,Candy Goblin,1750,101,101,101,101,101,101,101,101,101,300,2500,800
92,Cannonball,3499,0,0,0,0,0,0,0,0,200,0,7500,5000
93,Captain,6885,0,0,0,175,0,100,0,100,0,0,5000,6500
94,Captain Cannonball,1800,101,101,101,101,101,101,101,101,101,300,6250,45000
1026,Captain Cloudkicker,72000,0,0,0,0,0,0,0,300,0,0,30000,200000
95,Captain Croissant,200,100,100,100,100,0,100,100,100,100,100,1000,1000
96,Caravan Guard,9000,0,0,0,50,0,50,0,50,0,0,900,900
97,Cardshark,6999,0,0,0,0,0,0,0,0,200,0,15000,9000
98,Carefree Cook,2200,100,100,100,100,0,100,100,100,100,100,1200,2200
99,Caretaker,2300,0,0,0,100,0,100,0,175,0,0,725,1100
100,Carmine the Apothecary,9998,0,0,0,100,0,0,0,0,0,0,800,12500
101,Carnivore,15099,0,0,0,100,0,0,0,0,0,0,5550,70000
102,Carrion Medium,8400,0,0,0,0,0,0,0,0,0,315,8340,100000
103,Cavalier,1270,50,50,50,50,25,50,50,200,0,0,700,1300
104,Cavern Crumbler,3630,0,0,100,50,0,0,0,0,0,0,3000,42000
105,Centaur,5690,100,0,0,100,0,100,100,175,100,0,960,3800
106,Centaur Ranger,7500,10,10,10,10,0,10,10,10,10,100,22500,150000
107,Chamber Cleaver,1400,0,0,0,0,0,0,0,0,0,100,10000,60000
108,Chameleon,635,100,0,0,100,0,100,100,175,100,0,550,250
109,Champion,15000,0,0,0,175,0,0,0,0,0,0,3360,13800
110,Champion Danseuse,72000,0,0,0,0,0,0,0,0,0,900,6000,100000
111,Champion Thief,72000,0,0,0,0,0,0,0,0,0,900,6000,100000
112,Charming Chimer,5100,150,50,0,0,0,0,100,0,0,0,4500,42000
113,Cheesy Party,1010,100,100,100,100,100,100,100,100,100,100,2000,2000
114,Cherry,1500,100,0,0,100,0,100,100,175,100,0,3000,6000
115,Cherry Sprite,2000,10,10,10,10,0,10,10,10,10,100,22500,82500
116,Chess Master,88000,0,0,0,0,0,0,0,4000,0,0,19000,119600
117,Chip Chiseler,1260,0,0,0,0,0,0,100,0,0,0,1000,14670
118,Chipper,4500,0,0,0,100,0,0,0,0,0,0,1235,4525
119,Chitinous,21527,0,0,0,0,0,0,150,0,0,0,5845,44405
120,Chocolate Gold Foil,2650,100,100,100,100,0,100,100,100,100,100,2500,7000
121,Chocolate Overload,200,100,100,100,100,0,100,100,100,100,100,350,1200
122,Christmas Tree,460,100,100,100,100,0,100,100,100,100,100,5000,17500
123,Chrono,25450,25,0,175,0,0,0,25,0,0,0,12250,19750
124,Chronomaster,3000,0,0,0,0,0,0,0,0,0,300,20000,170000
125,Cinderstorm,9410,0,100,0,0,0,0,0,0,0,0,8000,60000
126,Circuit Judge,6999,0,0,0,0,0,0,0,0,200,0,9500,15000
127,City Noble,3810,0,0,0,100,0,0,0,0,0,0,1100,17000
128,City Worker,4240,0,0,0,100,0,0,0,0,0,0,700,19000
129,Clockwork Samurai,50,25,25,25,25,25,100,25,100,0,0,210,150
130,Clockwork Timespinner,2300,0,0,0,0,0,0,0,0,0,100,7000,38000
131,Cloud Collector,2400,100,100,0,0,0,0,100,0,0,0,2500,42000
1012,Cloud Miner,33560,400,400,400,400,0,400,400,400,400,0,3200,78000
132,Clownfish,5110,0,0,0,100,0,0,0,0,0,0,3440,35880
133,Clump,1300,10,10,10,10,0,10,10,10,10,100,4800,37000
134,Clumsy Carrier,6559,0,0,0,100,0,0,0,0,0,0,5000,28100
135,Clumsy Chemist,233,100,0,100,100,0,100,100,100,100,0,700,525
136,Coal Shoveller,4498,0,0,0,0,0,0,0,0,200,0,3500,6000
137,Cobweb,1100,101,101,101,101,101,101,101,101,101,300,700,500
138,Coco Commander,2000,100,100,100,100,0,100,100,100,100,100,500,6900
139,Coffin Zombie,1135,100,0,100,0,0,25,200,25,0,0,3000,2200
140,Confused Courier,510,100,100,100,100,0,100,100,100,100,100,400,900
141,Conjurer,8596,0,0,0,0,0,0,0,175,0,0,4500,6875
142,Conqueror,9448,0,0,0,0,0,0,0,175,0,0,3200,7560
143,Cook,2650,0,0,0,175,0,100,0,100,0,0,90,4090
144,Coral,5400,0,0,0,100,0,0,0,0,0,0,2500,26000
145,Coral Cuddler,3930,0,0,0,100,0,0,0,0,0,0,1900,19100
146,Coral Dragon,7500,0,0,0,100,0,0,0,0,0,0,2700,34200
147,Coral Gardener,6741,0,0,0,100,0,0,0,0,0,0,2700,34200
148,Coral Guard,8709,0,0,0,100,0,0,0,0,0,0,2800,35355
149,Coral Harvester,6380,0,0,0,100,0,0,0,0,0,0,2500,33950
150,Coral Queen,11150,0,0,0,100,0,0,0,0,0,0,2850,37000
151,Core Sample,1000,100,0,0,0,0,100,100,100,0,0,1000,2600
152,Cork Defender,4550,0,100,0,0,0,0,0,0,0,0,2900,10000
153,Corkataur,18630,0,600,0,0,0,0,0,0,0,0,40000,225000
154,"Corky, the Collector",2595,0,100,0,0,0,0,0,0,0,0,5000,20000
155,Corridor Bruiser,17150,100,0,125,0,0,0,0,0,0,0,8000,50000
156,Corrupt,6351,100,0,0,0,0,0,0,0,0,0,1250,8250
157,Corrupt Commodore,300,100,100,100,175,0,100,100,100,100,0,600,400
158,Costumed Dog,1780,150,150,150,150,150,150,150,150,445,445,6888,2888
159,Costumed Dragon,1780,150,150,150,150,150,150,150,150,445,445,6888,2888
160,Costumed Horse,1780,150,150,150,150,150,150,150,150,445,445,6888,2888
161,Costumed Monkey,1780,150,150,150,150,150,150,150,150,445,445,6888,2888
162,Costumed Ox,1780,150,150,150,150,150,150,150,150,445,445,6888,2888
163,Costumed Pig,1928,150,150,150,150,150,150,150,150,445,445,6888,2888
164,Costumed Rabbit,1780,150,150,150,150,150,150,150,150,445,445,6888,2888
165,Costumed Rat,1780,150,150,150,150,150,150,150,150,445,445,6888,2888
166,Costumed Rooster,1780,150,150,150,150,150,150,150,150,445,445,6888,2888
167,Costumed Sheep,1780,150,150,150,150,150,150,150,150,445,445,6888,2888
168,Costumed Snake,1780,150,150,150,150,150,150,150,150,445,445,6888,2888
169,Costumed Tiger,1780,150,150,150,150,150,150,150,150,445,445,6888,2888
170,Count Vampire,1000,10,10,10,10,0,10,10,10,10,100,4600,35000
171,Cowardly,4,100,100,100,100,0,100,100,100,100,100,300,190
172,Cowbell,570,50,50,50,50,25,50,50,200,0,0,800,700
173,Crabolia,4900,0,0,0,100,0,0,0,0,0,0,2250,24300
174,Crag Elder,4100,0,0,100,50,0,0,0,0,0,0,3150,48000
175,Craggy Ore,1200,100,0,100,100,0,100,100,100,100,0,1000,1600
176,Cranky Caterpillar,1500,10,10,10,10,0,10,10,10,10,100,4250,41250
177,Crate Camo,3751,0,0,0,0,0,0,0,0,200,0,7000,5000
178,Crazed Goblin,1500,10,10,10,10,0,10,10,10,10,100,5250,57150
179,Creepy Marionette,7900,101,101,101,101,101,101,101,101,101,300,3000,16000
180,Crimson Commander,9299,125,125,0,125,0,125,0,125,0,0,1000,10000
181,Crimson Ranger,5999,0,0,0,75,0,100,0,75,0,0,3000,22000
182,Crimson Titan,6799,0,0,0,75,0,100,0,75,0,0,3300,20000
183,Crimson Watch,5600,0,0,0,75,0,100,0,75,0,0,3600,24200
184,Croquet Crusher,2945,0,0,0,0,0,0,0,0,100,0,2000,12000
185,Crown Collector,2647,100,100,100,100,0,100,100,100,100,100,1000,1000
186,Crystal Behemoth,43802,0,0,1000,0,0,0,0,0,0,0,60000,375000
187,Crystal Cave Worm,12526,0,0,200,0,0,0,0,0,0,0,20000,80000
188,Crystal Controller,10550,0,0,200,0,0,0,0,0,0,0,8000,70000
189,Crystal Golem,17399,0,0,200,0,0,0,0,0,0,0,35000,150000
190,Crystal Lurker,24100,0,0,200,0,0,0,0,0,0,0,20000,85000
191,Crystal Observer,28400,0,0,200,0,0,0,0,0,0,0,21000,75000
192,Crystal Queen,20500,0,0,200,0,0,0,0,0,0,0,24000,100000
193,Crystalback,10925,0,0,200,0,0,0,0,0,0,0,4000,61000
194,Crystalline Slasher,6575,0,0,100,50,0,0,0,0,0,0,3000,50000
1034,Cumulost,19100,0,0,100,0,0,0,0,0,0,0,10250,102000
195,Cupcake Camo,900,100,100,100,100,100,100,100,100,100,100,2000,5500
196,Cupcake Candle Thief,290,100,100,100,100,100,100,100,100,100,100,3000,3000
197,Cupcake Cutie,950,100,100,100,100,100,100,100,100,100,100,2000,5000
198,Cupcake Runner,600,100,100,100,100,100,100,100,100,100,100,3000,3500
199,Cupid,680,100,100,100,100,0,100,100,100,100,100,900,875
200,Curious Chemist,800,100,0,0,100,0,100,100,175,100,0,400,2400
201,Cursed,4225,100,0,0,0,0,0,0,0,0,0,1250,6500
202,Cursed Crusader,21500,0,0,0,0,0,0,0,0,0,600,3000,70000
203,Cursed Enchanter,3500,100,0,0,0,0,0,0,0,0,0,2600,18500
204,Cursed Engineer,6499,100,0,0,0,0,0,0,0,0,0,1900,20500
205,Cursed Librarian,12499,100,0,0,0,0,0,0,0,0,0,3500,19500
206,Cursed Taskmaster,37003,150,0,0,0,0,0,100,0,0,0,8000,40000
207,Cursed Thief,8502,100,0,0,0,0,0,0,0,0,0,2350,22500
1038,Cute Cloud Conjurer,23400,0,0,0,100,0,0,0,0,0,0,10000,100000
208,Cute Crate Carrier,3499,0,0,0,0,0,0,0,0,200,0,6000,4000
209,Cutpurse,6650,0,0,0,0,0,0,0,0,0,200,1250,50000
1051,Cutthroat Cannoneer,32604,100,100,100,100,0,100,100,100,100,0,10000,125000
1052,Cutthroat Pirate,24375,100,100,100,100,0,100,100,100,100,0,15355,100000
210,Cuttle,3990,0,0,0,100,0,0,0,0,0,0,1250,11600
211,Cyber Miner,1350,10,10,10,10,0,10,10,10,10,100,4900,39000
212,Cybernetic Specialist,880,10,10,10,10,0,10,10,10,10,100,4500,27500
213,Cyborg,1340,10,10,10,10,0,10,10,10,10,100,5000,54000
214,Cycloness,10800,150,50,0,0,0,0,100,0,0,0,5000,50000
215,Cyclops,1800,100,0,0,100,0,100,100,175,100,0,2800,2800
216,Cyclops Barbarian,7500,10,10,10,10,0,10,10,10,10,100,27500,125000
217,Dance Party,500,100,100,100,100,100,100,100,100,100,100,2200,3000
218,Dancer,1280,50,50,50,50,25,50,50,200,0,0,1700,2900
219,Dancing Assassin,46501,0,0,0,0,0,0,0,0,0,250,9000,120000
220,Dangerous Duo,4999,0,0,0,0,0,0,0,0,200,0,14000,11000
221,Dark Magi,40001,100,0,0,0,0,0,0,0,0,0,24500,195000
222,Dark Templar,28901,100,0,300,0,0,0,0,0,0,0,12750,80800
223,Dashing Buccaneer,225,100,100,100,175,0,100,100,100,100,0,250,375
224,Davy Jones,2000,150,0,125,0,0,0,200,0,0,0,2000,9000
225,Dawn Guardian,71999,1000,0,0,0,0,0,100,0,0,0,10000,50000
1016,Daydreamer,12565,100,100,100,100,0,100,100,100,100,0,900,16800
226,Decrepit Tentacle Terror,24251,100,0,300,0,0,0,300,0,0,0,31300,100000
227,Deep,94991,0,0,0,100,0,0,0,0,0,0,24525,142550
228,Deep Sea Diver,7500,0,0,0,100,0,0,0,0,0,0,2750,36000
229,Defender,12000,0,0,0,0,0,0,0,175,0,0,4200,9505
230,Dehydrated,2000,0,0,0,100,0,0,0,0,0,0,2000,2000
231,Demolitions,2300,100,0,0,0,0,100,100,100,0,0,1900,4700
232,Deranged Deckhand,11150,0,0,0,100,0,0,0,0,0,0,2850,37000
233,Derpicorn,998,0,0,0,0,0,200,0,125,0,0,750,2500
234,Derpshark,11302,0,0,0,100,0,0,0,0,0,0,5500,40000
235,Derr Chieftain,16999,0,0,0,0,0,100,0,0,0,0,12280,10035
236,Derr Lich,20800,150,0,200,0,0,0,125,0,0,0,13508,32112
237,Desert Archer,4398,0,0,0,75,0,100,0,75,0,0,2100,12800
238,Desert Architect,11151,0,0,0,0,0,300,0,300,300,0,2400,10000
239,Desert Nomad,17201,0,0,0,0,0,300,0,300,300,0,4000,40000
240,Desert Soldier,4900,0,0,0,75,0,100,0,75,0,0,2400,11500
241,Desperado,6999,0,0,0,0,0,0,0,0,200,0,9000,9500
242,Destructoy,370,100,100,100,100,0,100,100,100,100,100,2000,12600
1047,Devious Gentleman,5520,0,0,0,0,0,0,0,0,100,0,26000,82000
243,Diamond,765,100,0,100,100,0,100,100,100,100,0,600,1200
244,Diamondhide,48748,0,0,200,0,0,0,0,0,0,0,75000,290000
245,Dinosuit,900,100,100,100,100,100,100,100,100,100,100,1000,1420
246,Dire Lycan,1240,101,101,101,101,101,101,101,101,101,300,1200,5000
247,Dirt Thing,5925,0,0,100,50,0,0,0,0,0,0,3000,49500
248,Dojo Sensei,90001,0,0,0,0,0,100,0,175,0,0,34500,28665
249,Doktor,1150,10,10,10,10,0,10,10,10,10,100,3750,35000
250,Double Black Diamond Racer,2100,100,100,100,100,0,100,100,100,100,100,3000,19000
251,Draconic Warden,13194,0,100,0,75,0,75,0,75,0,0,1245,12895
252,Dragon,74811,0,200,0,0,0,0,0,0,0,0,39940,74200
1042,Dragonbreather,17790,0,100,0,0,0,0,0,0,0,0,10250,105000
253,Dragoon,38400,0,400,0,0,0,0,0,0,0,0,20000,100000
254,Dread Knight,2450,0,0,0,0,0,0,0,0,0,100,10000,60000
255,Dread Pirate Mousert,6380,0,0,0,100,0,0,0,0,0,0,2500,33950
256,Dream Drifter,947,10,10,10,10,0,10,10,10,10,100,3450,30000
257,Drudge,7900,100,0,300,0,0,0,0,0,0,0,4988,32500
258,Drummer,1000,50,50,50,50,25,50,50,200,0,0,800,2800
259,Dumpling Chef,2000,0,0,0,0,0,100,0,175,0,0,3000,2886
260,Dumpling Delivery,2305,0,0,0,0,0,0,0,0,0,100,1750,46000
261,Dunehopper,5000,0,0,0,0,0,0,100,0,0,0,1650,13500
262,Dwarf,200,100,100,100,100,0,100,100,100,100,100,450,225
263,Eagle Owl,2295,100,0,0,100,0,100,100,175,100,0,2250,5300
264,Eclipse,37399,1000,1000,100000,1000,25,1000,1000,1000,0,0,300000,379000
265,Eel,4960,0,0,0,100,0,0,0,0,0,0,2535,28000
266,Effervescent,13500,0,0,0,0,0,125,0,250,0,0,2400,16000
267,Egg Painter,900,100,100,100,100,0,100,100,100,100,100,900,6500
268,Egg Scrambler,1250,100,100,100,100,0,100,100,100,100,100,850,2750
269,Eggscavator,2200,100,100,100,100,0,100,100,100,100,100,1200,6500
270,Eggsplosive Scientist,2100,100,100,100,100,0,100,100,100,100,100,800,6200
271,Eggsquisite Entertainer,2650,100,100,100,100,0,100,100,100,100,100,1350,2500
272,El Flamenco,1400,100,100,100,100,100,100,100,100,100,100,5000,9000
273,Elder,11001,0,0,0,175,0,0,0,0,0,0,645,11405
274,Elf,755,100,100,100,100,0,100,100,100,100,100,8090,9920
275,Elite Guardian,5710,0,0,0,100,0,0,0,0,0,0,4205,25500
276,Elixir Maker,5050,0,0,0,0,0,0,0,0,0,100,4250,56000
277,Elub Chieftain,19000,0,0,0,175,0,0,0,0,0,0,7520,16560
278,Elub Lich,22000,150,0,200,0,0,0,125,0,0,0,8272,52992
279,Elven Princess,1270,100,0,0,100,0,100,100,175,100,0,400,2700
280,Emberstone Scaled,18690,0,600,0,0,0,0,0,0,0,0,60000,300000
281,Enginseer,3930,0,0,0,100,0,0,0,0,0,0,324,17800
282,Enlightened Labourer,2180,0,0,0,0,0,0,0,0,0,100,3800,50000
283,Enslaved Spirit,5732,150,0,125,0,0,0,200,0,0,0,900,20000
284,Epoch Golem,1250,0,0,0,0,0,0,0,0,0,100,10000,60000
285,Escape Artist,50,25,25,25,25,25,200,25,100,100,0,295,200
286,Essence Collector,3275,100,0,0,0,0,0,0,0,0,0,4250,22500
287,Essence Guardian,3275,100,0,0,0,0,0,0,0,0,0,4250,22500
288,Ethereal Enchanter,2500,100,0,0,0,0,0,0,0,0,0,2580,13500
289,Ethereal Engineer,5500,100,0,0,0,0,0,0,0,0,0,1200,15000
290,Ethereal Guardian,10851,100,0,300,0,0,0,0,0,0,0,8760,50000
291,Ethereal Librarian,6499,100,0,0,0,0,0,0,0,0,0,1850,14500
292,Ethereal Thief,6499,100,0,0,0,0,0,0,0,0,0,1650,16500
293,Evil Scientist,1100,10,10,10,10,0,10,10,10,10,100,2250,34000
294,Excitable Electric,965,10,10,10,10,0,10,10,10,10,100,2888,26250
295,Exo-Tech,10851,100,0,300,0,0,0,0,0,0,0,8760,50000
296,Explorator,4700,0,0,0,0,0,175,0,150,0,0,500,5500
297,Extreme Everysports,1000,100,100,100,100,0,100,100,100,100,100,1000,2000
298,Factory Technician,1000,100,100,100,100,100,100,100,100,100,100,5500,15000
299,Fairy,5700,100,0,0,100,0,100,100,175,100,0,930,5775
300,Fall Familiar,11500,0,0,0,0,0,0,200,100,0,0,830,9940
301,Fallen Champion Footman,72000,0,0,0,0,0,0,0,0,0,900,6000,100000
302,Falling Carpet,12200,0,0,0,0,0,300,0,300,300,0,1600,9800
303,Farmhand,900,100,100,100,100,0,100,100,100,100,100,1400,1000
304,Farrier,4498,0,0,0,0,0,0,0,0,200,0,7000,5000
305,Fencer,225,50,50,50,50,25,50,50,200,0,0,210,300
306,Fete Fromager,200,100,100,100,100,100,100,100,100,100,100,4000,7000
307,Fetid Swamp,19499,0,0,0,0,0,0,150,0,0,0,5155,20830
308,Fiddler,2000,50,50,50,50,25,50,50,200,0,0,800,4090
309,Field,5,100,100,100,100,0,100,100,100,100,100,200,200
310,Fiend,11000,125,125,125,400,25,75,125,75,0,0,50000,72000
311,Fiery Crusher,5095,0,0,0,0,0,0,100,0,0,0,13200,70000
312,Finder,3357,0,0,0,0,0,0,0,175,0,0,1935,3550
313,Firebreather,15401,0,0,0,0,0,0,0,150,0,0,4620,15180
314,Firefly,3691,0,0,0,0,0,0,0,150,0,0,2125,6600
315,Flame Archer,5200,0,0,0,75,0,100,0,75,0,0,2700,19900
316,Flame Ordnance,7900,100,0,0,50,0,50,0,50,0,0,1600,33000
317,Flame Warrior,5700,0,0,0,75,0,100,0,75,0,0,3000,18000
318,Floating Spore,9200,0,0,100,100,0,0,0,0,0,0,1500,39000
319,Flutterby,6248,0,0,0,0,0,125,0,200,0,0,1000,12000
320,Fluttering Flutist,8000,150,50,0,0,0,0,100,0,0,0,4800,48000
321,Flying,50,100,100,100,100,0,100,100,100,100,100,450,450
322,Fog,210,100,0,100,100,0,100,100,100,100,0,800,800
323,Force Fighter Blue,1000,100,100,100,100,100,100,100,100,100,100,3000,2500
324,Force Fighter Green,2000,100,100,100,100,100,100,100,100,100,100,5000,6000
325,Force Fighter Pink,1750,100,100,100,100,100,100,100,100,100,100,2550,5000
326,Force Fighter Red,1500,100,100,100,100,100,100,100,100,100,100,2700,4000
327,Force Fighter Yellow,1250,100,100,100,100,100,100,100,100,100,100,3000,5000
328,Forever Alone,900,100,100,100,100,0,100,100,100,100,100,600,1200
329,Foxy,1650,100,0,0,100,0,100,100,175,100,0,1500,1650
330,Free Skiing,460,100,100,100,100,0,100,100,100,100,100,5000,17500
331,Frightened Flying Fireworks,465,100,100,100,100,0,100,100,100,100,100,2017,12000
332,Frigid Foreman,85,100,100,100,100,0,100,100,100,100,100,1750,3460
333,Frog,590,100,0,0,100,0,100,100,175,100,0,400,325
334,Frostbite,14399,0,0,0,200,0,0,0,100,0,0,5040,11400
335,Frostlance Guard,6500,0,0,0,100,0,0,0,0,0,0,935,7435
336,Frostwing Commander,15251,0,0,0,100,0,0,0,0,0,0,7525,22550
337,Frosty Snow,575,100,0,100,100,0,100,100,100,100,0,300,600
338,Frozen,100,100,0,100,100,0,100,100,100,100,0,300,300
339,Fuel,3253,0,0,0,0,0,0,0,0,200,0,4000,5000
340,"Ful'Mina, The Mountain Queen",78003,0,900,0,0,0,0,0,0,0,0,30000,120000
341,Fungal Frog,1250,10,10,10,10,0,10,10,10,10,100,3500,32250
342,Fungal Spore,11499,0,0,0,100,0,0,0,0,0,0,2650,15250
343,Fungal Technomorph,28901,100,0,300,0,0,0,0,0,0,0,12750,80800
344,Funglore,8525,0,0,100,100,0,0,0,0,0,0,2400,40000
345,Fuzzy Drake,3175,0,100,0,0,0,0,0,0,0,0,900,8000
346,Gargantuamouse,93997,50,50000,0,25,0,25,0,25,0,0,4000,25000
347,Gargoyle,5010,200,0,100,0,0,0,100,0,0,0,2800,5600
348,Gate Guardian,7600,200,0,100,0,0,0,100,0,0,0,1400,2800
349,Gelatinous Octahedron,5000,0,0,0,100,0,0,0,0,0,0,2000,21000
350,Gemorpher,8501,0,0,200,0,0,0,0,0,0,0,3000,50000
351,Gemstone Worshipper,3340,0,0,100,50,0,0,0,0,0,0,10000,68000
352,General Drheller,23501,0,0,0,100,0,0,0,0,0,0,7595,36545
353,Gentleman Caller,0,100,100,100,100,100,100,100,100,100,100,1000,850
354,Ghost,2200,100,0,100,0,0,25,200,25,0,0,3500,3250
355,Ghost Pirate Queen,5000,101,101,101,101,101,101,101,101,101,300,32000,115000
356,Giant Snail,1515,100,0,100,0,0,25,200,25,0,0,550,5750
357,Gilded Leaf,1400,10,10,10,10,0,10,10,10,10,100,9000,48750
358,Gingerbread,370,100,100,100,100,0,100,100,100,100,100,750,1250
359,Glacia Ice Fist,510,100,100,100,100,0,100,100,100,100,100,2000,9900
360,Gladiator,12998,0,0,0,0,0,100,0,0,0,0,8250,8365
361,Glass Blower,27899,0,0,0,0,0,300,0,300,300,0,6000,18000
362,Glazy,205,100,100,100,100,0,100,100,100,100,100,5000,18000
363,Glitchpaw,785,100,100,100,100,100,100,100,100,100,100,1200,1200
364,Gluttonous Zombie,820,100,0,100,0,0,25,200,25,0,0,2500,1500
365,Goblin,2290,100,0,0,100,0,100,175,100,0,0,3500,3500
366,Gold,720,100,0,100,100,0,100,100,100,100,0,1200,600
367,Goldleaf,2100,100,0,0,100,0,100,100,175,100,0,2450,5500
368,Golem,6885,200,0,100,0,0,0,100,0,0,0,4500,7920
369,Goliath Field,11175,10,10,10,10,0,10,10,10,10,100,15000,119000
370,Gorgon,9500,200,0,100,0,0,0,100,0,0,0,2800,1400
371,Gourd Ghoul,3500,101,101,101,101,101,101,101,101,101,300,5000,20000
372,Gourdborg,1800,100,0,100,0,0,100,100,0,100,100,9000,25200
373,Grampa Golem,2815,0,0,0,0,0,0,100,0,0,0,10000,54500
374,Grand Master of the Dojo,330997,0,0,0,0,0,0,0,0,0,200,92000,210000
375,Grandfather,10002,0,0,0,0,0,0,0,175,0,0,720,8640
376,Granite,635,100,0,100,100,0,100,100,100,100,0,525,285
377,Granny Spice,4625,100,0,0,0,0,0,0,0,0,0,4500,34000
378,Grave Robber,2145,100,100,100,100,0,100,100,100,125,300,1200,2000
379,Great Giftnapper,1695,100,100,100,100,0,100,100,100,100,100,9000,30000
380,Great Winter Hunt Impostor,1695,100,100,100,100,0,100,100,100,100,100,10000,50000
381,Greedy Al,2100,100,100,100,100,0,100,100,100,100,100,750,2500
382,Grey,2,100,100,100,100,0,100,100,100,100,100,125,90
383,Grey Recluse,2500,101,101,101,101,101,101,101,101,101,300,550,1100
384,Greyrun,913,10,10,10,10,0,10,10,10,10,100,2050,19900
385,Grizzled Silth,2000,10,10,10,10,0,10,10,10,10,100,20250,86250
1018,Ground Gavaleer,12475,0,0,0,0,0,100,0,0,0,0,25000,78000
386,Grubling,1200,0,0,0,0,0,0,100,0,0,0,2400,14500
387,Grubling Herder,4000,0,0,0,0,0,0,100,0,0,0,825,15675
388,Grunt,3850,0,0,0,0,0,100,0,0,0,0,3075,910
389,Guardian,11001,0,0,0,0,0,100,0,0,0,0,7500,7600
390,Guppy,4900,0,0,0,100,0,0,0,0,0,0,2250,24300
391,Guqin Player,4000,50,50,50,50,25,50,50,200,0,0,800,5000
1027,Gyrologer,18050,0,0,0,0,0,0,0,100,0,0,12150,90000
392,Hapless,570,0,0,0,0,0,100,0,175,0,0,70,50
393,Hapless Marionette,2,25,25,25,25,25,100,25,100,0,0,100,90
394,Harbinger of Death,4590,0,0,0,0,0,0,0,0,0,216,50000,200000
395,Hardboiled,2500,100,100,100,100,0,100,100,100,100,100,125,3200
396,Hardworking Hauler,2780,50,0,0,0,0,0,50,0,200,0,900,9000
397,Hare Razer,2600,100,100,100,100,0,100,100,100,100,100,3200,7000
398,Harpy,14500,100,0,0,100,0,100,175,100,0,0,3100,11100
399,Harvest Harrier,10867,0,0,0,0,0,0,200,100,0,0,3680,11477
400,Harvester,20700,0,0,0,0,0,0,200,100,0,0,8460,17425
401,Hazmat,5799,0,0,0,100,0,0,0,0,0,0,5000,25000
402,Healer,3056,0,0,0,100,0,100,0,100,0,0,975,855
403,Heart of the Meteor,1500000,1000,0,0,0,0,0,100,0,0,0,1000000,500000
404,Heavy Blaster,5000,0,0,0,100,0,0,0,0,0,0,1150,7200
1019,Herc,21625,0,0,0,0,0,100,0,0,0,0,10000,100000
405,High Roller,16320,100,100,100,100,0,100,100,100,100,100,10,10
406,Hired Eidolon,11900,100,0,300,0,0,0,0,0,0,0,10000,44220
407,Hoarder,70,100,100,100,100,0,100,100,100,100,100,3000,2500
408,Hollowed,3500,100,100,100,100,0,100,100,100,100,200,3500,41250
409,Hollowed Minion,4000,100,100,100,100,0,100,100,100,100,200,30000,100000
410,Hollowhead,750,101,101,101,101,101,101,101,101,101,300,900,875
411,Homeopathic Apothecary,1300,100,100,0,0,0,0,100,0,0,0,3000,45000
412,Hookshot,4250,0,0,0,0,0,0,0,0,200,0,9000,8000
413,Hope,10,100,100,100,100,0,100,100,100,100,100,1000,1000
414,Horned Cork Hoarder,8565,0,100,0,0,0,0,0,0,0,0,6000,35000
415,Hot Head,2300,0,0,0,0,0,0,0,150,0,0,550,2250
416,Huntereater,12551,0,0,200,0,0,0,0,0,0,0,40000,190000
417,Hurdle,1250,100,100,100,100,0,100,100,100,100,100,500,500
418,Hydra,14000,0,0,0,175,0,100,0,100,0,0,5760,9640
419,Hydrologist,4970,0,0,0,100,0,0,0,0,0,0,3500,25000
420,Hydrophobe,1995,0,0,0,0,0,200,0,125,0,0,500,2000
421,Hypnotized Gunslinger,20000,150,0,0,0,0,0,100,0,0,0,9000,55000
422,Iceberg Sculptor,755,100,100,100,100,0,100,100,100,100,100,10000,32017
423,Iceblade,7699,0,0,0,100,0,0,0,0,0,0,3850,14560
424,Iceblock,5400,0,0,0,100,0,0,0,0,0,0,1265,7425
425,Icebreaker,5000,0,0,0,100,0,0,0,0,0,0,1320,5850
426,Icewing,25002,0,0,0,100,0,0,0,0,0,0,11295,51250
427,Icicle,11340,0,0,0,200,0,0,0,100,0,0,3840,11980
428,Ignatia,9400,0,100,0,0,0,0,0,0,0,0,8000,50000
429,Ignis,2300,100,100,100,100,25,75,400,75,0,0,1000,4490
430,Impersonator,5,25,25,25,25,25,200,25,100,100,0,180,120
431,Incompetent Ice Climber,5000,0,0,0,100,0,0,0,0,0,0,1150,3850
432,Industrious Digger,1150,100,0,0,0,0,100,100,100,0,0,890,3510
433,"Inferna, The Engulfed",36738,520,0,0,0,0,0,0,0,0,0,18000,150000
434,Inferno Mage,4800,0,0,0,100,0,75,0,75,0,0,1000,26500
435,Infiltrator,12500,0,0,0,0,0,125,0,250,0,0,1900,15800
436,Itty Bitty Rifty Burroughs,1250,10,10,10,10,0,10,10,10,10,100,4600,36000
437,Itty-Bitty Burroughs,8250,100,0,0,0,0,100,100,100,0,0,4000,10000
438,Jellyfish,4300,0,0,0,100,0,0,0,0,0,0,1990,31700
439,Joy,85,100,100,100,100,0,100,100,100,100,100,8090,9920
440,Juliyes,2999,100,100,100,100,0,100,100,100,100,100,999,999
441,Jurassic,21000,0,0,0,0,0,0,150,0,0,0,6490,39470
442,Kalor'ignis of the Geyser,59640,0,900,0,0,0,0,0,0,0,0,75000,325000
443,Karmachameleon,1500,10,10,10,10,0,10,10,10,10,100,4350,42500
444,Keeper,3485,200,0,100,0,0,0,100,0,0,0,3900,3950
445,Keeper's Assistant,3300,200,0,100,0,0,0,100,0,0,0,1920,3170
446,King Grub,499995,0,0,0,0,0,0,100,0,0,0,8500,35000
447,King Scarab,999989,0,0,0,0,0,0,100,0,0,0,22500,175000
1017,Kite Flyer,22275,100,100,100,100,0,100,100,100,100,0,980,25000
448,Knight,700,50,50,50,50,25,50,50,200,0,0,700,900
449,Koimaid,2240,0,0,0,100,0,0,0,0,0,0,1990,31700
450,Kung Fu,5695,0,0,0,0,0,100,0,175,0,0,800,4750
451,Lab Technician,1800,0,0,0,100,0,0,0,0,0,0,3000,10500
452,Lady Coldsnap,18502,0,0,0,100,0,0,0,0,0,0,3745,27580
453,Lambent,1350,10,10,10,10,0,10,10,10,10,100,10000,60000
454,Lambent Crystal,8000,100,0,0,0,0,100,100,100,0,0,3000,9000
1043,Lancer Guard,15532,0,100,0,0,0,0,0,0,0,0,12500,95000
455,Lasso Cowgirl,4001,0,0,0,0,0,0,0,0,200,0,2000,5500
1013,Launchpad Labourer,9512,100,100,100,100,0,100,100,100,100,0,2000,65000
1048,Lawbender,9680,0,0,0,0,0,0,0,0,100,0,10500,105000
456,Leprechaun,27200,100,100,100,100,0,100,100,100,100,100,10,10
457,Leviathan,13706,0,0,0,175,0,100,0,100,0,0,2880,6910
458,Lich,20700,200,0,100,0,0,0,100,0,0,0,8700,12200
459,Lightning Rod,4,100,100,100,100,0,100,100,100,100,100,100,175
460,Limestone Miner,25101,0,0,0,0,0,300,0,300,300,0,5200,14000
461,Living Ice,2000,0,0,0,100,0,0,0,0,0,0,3250,1850
462,Living Salt,3000,0,0,0,100,0,0,0,0,0,0,550,1525
463,Lockpick,10,25,25,25,25,25,200,25,100,100,0,180,150
464,Longtail,785,100,100,100,100,0,100,100,100,100,100,900,1000
465,Lord Splodington,12000,0,0,0,100,0,0,0,0,0,0,3295,21450
466,Lost,6425,100,0,125,0,0,0,0,0,0,0,995,30000
467,Lost Legionnaire,5300,100,0,125,0,0,0,0,0,0,0,2000,25500
468,Lovely Sports,650,100,100,100,100,0,100,100,100,100,100,450,1850
469,Lucky,250,100,100,100,100,0,100,100,100,100,100,777,777
470,Lumahead,8275,0,0,100,100,0,0,0,0,0,0,1200,32000
471,Lumberjack,26000,0,0,0,0,0,300,0,300,300,0,3000,15500
472,Lumi-lancer,23000,0,0,0,0,0,0,0,0,0,175,1000,30000
473,Lunar Red Candle Maker,1317,150,150,150,150,150,150,150,150,445,445,2222,2888
474,Lycan,8765,100,0,100,0,0,25,200,25,0,0,5500,9250
475,Lycanoid,1100,10,10,10,10,0,10,10,10,10,100,6500,50000
476,M400,24599,0,0,0,0,0,75,0,75,0,0,24400,600000
477,Mad Elf,2100,100,75,75,75,0,75,75,75,75,75,3000,19000
478,Mage Weaver,29999,0,0,0,0,0,300,0,300,300,0,900,29000
479,Magic,300,100,100,100,100,0,100,100,100,100,100,1250,2000
480,Magic Champion,72000,0,0,0,0,0,0,0,0,0,900,6000,100000
481,Magma Carrier,22052,0,0,0,0,0,0,150,0,0,0,7180,49335
482,Magmarage,5500,0,0,0,100,0,75,0,75,0,0,1000,30000
483,Magmatic Crystal Thief,5499,0,0,0,0,0,0,0,0,200,0,11000,13000
484,Magmatic Golem,6000,0,0,0,0,0,0,0,0,200,0,17000,18000
1053,Mairitime Pirate,137485,300,300,300,300,0,300,300,300,300,0,1000,18000
485,Maize Harvester,3050,101,101,101,101,101,101,101,101,101,300,2020,10250
486,Mammoth,7000,0,0,0,100,0,0,0,0,0,0,100000,350000
487,Manaforge Smith,18501,100,0,5000,0,0,0,0,0,0,0,1250,11600
488,Manatee,3990,0,0,0,100,0,0,0,0,0,0,30000,200000
489,Market Guard,42803,0,0,0,0,0,300,0,300,300,0,8000,22000
490,Market Thief,42900,0,0,0,0,0,300,0,300,400,0,9000,25000
491,Martial,8800,0,0,0,0,0,0,0,0,0,300,1500,58000
492,Masked Pikeman,13601,100,0,300,0,0,0,0,0,0,0,5000,45950
493,Master Burglar,4818,100,100,100,100,0,100,100,100,125,100,2500,4260
494,Master Exploder,1450,10,10,10,10,0,10,10,10,10,100,12000,65000
495,Master of the Cheese Belt,13386,0,0,0,0,0,100,0,175,0,0,900,7200
496,Master of the Cheese Claw,13386,0,0,0,0,0,100,0,175,0,0,900,7200
497,Master of the Cheese Fang,13386,0,0,0,0,0,100,0,175,0,0,900,7200
498,Master of the Chi Belt,69000,0,0,0,0,0,0,0,0,0,300,20000,150000
499,Master of the Chi Claw,69000,0,0,0,0,0,0,0,0,0,300,20000,150000
500,Master of the Chi Fang,69000,0,0,0,0,0,0,0,0,0,300,20000,150000
501,Master of the Dojo,27411,0,0,0,0,0,100,0,175,0,0,27300,15925
502,Matron of Machinery,16700,100,0,300,0,0,0,0,0,0,0,27000,90000
503,Matron of Wealth,15400,100,0,300,0,0,0,0,0,0,0,20000,82000
504,Mecha Tail,1500,10,10,10,10,0,10,10,10,10,100,1000,45000
505,Medicine,1250,10,10,10,10,0,10,10,10,10,100,3550,33150
506,Menace of the Rift,5003,10,10,10,10,0,10,10,10,10,100,150000,350000
507,Mermouse,3300,0,0,0,175,0,100,0,100,0,0,600,2400
508,Mermousette,6380,0,0,0,100,0,0,0,0,0,0,2500,33950
509,Mershark,7500,0,0,0,100,0,0,0,0,0,0,2750,36000
510,Meteorite Golem,42000,150,0,0,0,0,0,100,0,0,0,3500,30000
511,Meteorite Miner,5100,50,0,0,0,0,0,50,0,200,0,1800,20000
512,Meteorite Mover,10999,50,0,0,0,0,0,50,0,200,0,500,10000
513,Meteorite Mystic,54003,150,0,0,0,0,0,100,0,0,0,4500,35000
514,Meteorite Snacker,2650,50,0,0,0,0,0,50,0,200,0,2500,25000
515,Micro,866,10,10,10,10,0,10,10,10,10,100,3400,28000
516,Mighty Mole,1000,10,10,10,10,0,10,10,10,10,100,5000,35000
517,Mild Spicekin,5725,0,100,0,0,0,0,0,0,0,0,3000,30000
518,Militant Samurai,18000,0,0,0,0,0,0,0,0,0,200,5000,80000
519,Mimic,18051,100,0,300,0,0,0,0,0,0,0,12890,57325
520,Mind Tearer,20250,100,0,300,0,0,0,0,0,0,0,10000,60000
521,Miner,3442,100,0,0,0,0,100,100,100,0,0,2000,5350
522,Mining Materials Manager,3250,50,0,0,0,0,0,50,0,200,0,3000,30000
523,Mintaka,6684,0,0,0,0,0,100,0,0,0,0,5100,4500
524,Mischievous Meteorite Miner,3900,50,0,0,0,0,0,50,0,200,0,1500,16000
525,Mischievous Wereminer,21000,100,0,0,0,0,0,150,0,0,0,2000,25000
526,Miser,1030,100,100,100,100,0,100,100,100,100,100,5000,3000
527,Missile Toe,1695,100,100,100,100,0,100,100,100,100,100,7000,30000
1039,Mist Maker,91674,0,0,0,300,0,0,0,0,0,0,30000,200000
528,Mlounder Flounder,3710,0,0,0,100,0,0,0,0,0,0,6300,18000
529,Mobster,20400,100,100,100,100,0,100,100,100,100,100,10,10
530,Mole,300,100,0,0,0,0,100,100,100,0,0,500,550
531,Molten Midas,491997,100,0,5000,0,0,0,0,0,0,0,100000,99000
532,Monarch,2530,0,0,0,0,0,0,0,150,0,0,600,2500
533,Monk,6630,0,0,0,0,0,100,0,175,0,0,950,5250
534,Monsoon Maker,9500,100,50,0,0,0,0,150,0,0,0,5000,50000
535,Monster,8240,100,0,100,100,0,500,500,100,100,0,3500,3500
537,Monster Tail,3750,0,0,0,100,0,0,0,0,0,0,28000,90000
536,Monster of the Meteor,87996,1000,0,0,0,0,0,100,0,0,0,2500,13500
538,Monstrous Abomination,24998,10,10,10,10,0,10,10,10,10,100,15000,150000
539,Monstrous Black Widow,9450,0,0,0,0,0,0,0,0,0,210,60000,360000
540,Moosker,45,100,0,0,100,0,100,100,175,100,0,125,80
541,Mossy Moosker,2000,10,10,10,10,0,10,10,10,10,100,8220,55000
542,Mouldy Mole,5560,0,0,100,100,0,0,0,0,0,0,600,20000
543,Mountain,1900,100,0,100,100,0,100,100,100,100,0,1000,3000
544,Mousataur Priestess,1800,101,101,101,101,101,101,101,101,101,300,3250,35000
549,Mouse With No Name,4999,0,0,0,0,0,0,0,0,200,0,2500,65000
545,Mouse of Elements,16000,0,0,0,0,0,0,0,0,0,500,5000,10000
546,Mouse of Winter Future,2560,100,100,100,100,0,100,100,100,100,100,5000,10000
547,Mouse of Winter Past,3100,100,100,100,100,0,100,100,100,100,100,5000,10000
548,Mouse of Winter Present,2095,100,100,100,100,0,100,100,100,100,100,11500,8500
550,Mousevina von Vermin,18300,100,0,100,0,0,25,2500,25,0,0,9000,5000
551,Moussile,700,100,100,100,100,0,100,100,100,100,100,900,3000
552,Mummy,3860,100,0,100,0,0,25,200,25,0,0,3750,3500
553,Mush,7290,0,0,100,100,0,0,0,0,0,0,1000,30000
554,Mush Monster,13601,275,0,300,0,0,0,0,0,0,0,5645,44620
555,Mushroom Harvester,10851,275,0,300,0,0,0,0,0,0,0,4160,38640
556,Mushroom Sprite,8800,0,0,100,100,0,0,0,0,0,0,1500,15000
557,Mutant Mongrel,17499,0,0,0,100,0,0,0,0,0,0,8888,99000
558,Mutant Ninja,11003,0,0,0,100,0,0,0,0,0,0,5000,66000
559,Mutated Behemoth,25000,0,0,0,100,0,0,0,0,0,0,12000,150000
560,Mutated Brown,465,100,0,100,100,0,100,100,100,100,0,700,700
561,Mutated Grey,192,100,0,100,100,0,100,100,100,100,0,500,500
562,Mutated Mole,5000,100,0,100,100,0,100,100,100,100,0,6000,3000
563,Mutated Siblings,3500,0,0,0,100,0,0,0,0,0,0,1200,4000
564,Mutated White,138,100,0,100,100,0,100,100,100,100,0,475,450
565,Mysterious Traveller,3253,0,0,0,0,0,0,0,0,200,0,5000,4250
566,Mystic,4075,0,0,0,175,0,0,0,0,0,0,2000,7500
567,Mystic Bishop,10800,0,0,0,0,0,0,0,100,0,0,900,40655
568,Mystic Guardian,40602,100,0,300,0,0,0,0,0,0,0,7700,40000
569,Mystic Herald,20250,100,0,300,0,0,0,0,0,0,0,10000,60000
570,Mystic King,38398,0,0,0,0,0,0,0,4000,0,0,8560,98670
571,Mystic Knight,8596,0,0,0,0,0,0,0,100,0,0,1620,19060
572,Mystic Pawn,1800,0,0,0,0,0,0,0,100,0,0,890,8800
573,Mystic Queen,22004,0,0,0,0,0,0,0,100,0,0,13970,80960
574,Mystic Rook,18620,0,0,0,0,0,0,0,100,0,0,2277,72600
575,Mystic Scholar,28901,100,0,300,0,0,0,0,0,0,0,12750,80800
576,Nachore Golem,2235,0,0,0,0,0,0,100,0,0,0,7000,30000
577,"Nachous, The Molten",27742,0,0,0,0,0,0,520,0,0,0,35000,90000
578,Narrator,1900,0,0,0,100,0,100,0,175,0,0,600,900
579,Naturalist,2000,10,10,10,10,0,10,10,10,10,100,21000,85000
580,Naughty Nougat,2560,100,100,100,100,0,100,100,100,100,100,10000,30000
581,Necromancer,2000,125,125,125,400,25,75,125,75,0,0,4000,17000
582,Nerg Chieftain,18000,0,0,0,0,0,0,0,175,0,0,9400,12545
583,Nerg Lich,20900,150,0,200,0,0,0,125,0,0,0,10340,40144
584,New Year's,755,100,100,100,100,0,100,100,100,100,100,200,9200
585,Nibbler,785,100,100,100,100,0,100,100,100,100,100,899,1100
586,Nice Knitting,510,100,100,100,100,0,100,100,100,100,100,6000,6000
587,Night Shift Materials Manager,16800,100,0,0,0,0,0,150,0,0,0,2000,25000
588,Night Watcher,29502,150,0,0,0,0,0,100,0,0,0,3000,30000
589,Nightfire,103992,150,0,0,0,0,0,100,0,0,0,900,12000
590,Nightmancer,64021,100,0,0,0,0,0,150,0,0,0,900,9000
591,Nightshade Flower Girl,2800,100,100,0,0,0,0,100,0,0,0,1200,25000
592,Nightshade Fungalmancer,15400,275,0,300,0,0,0,0,0,0,0,9000,80000
593,Nightshade Maiden,1600,100,100,0,0,0,0,100,0,0,0,2000,30000
594,Nightshade Masquerade,3800,0,0,100,100,0,0,0,0,0,0,8000,45000
595,Nightshade Nanny,16700,275,0,300,0,0,0,0,0,0,0,7200,56800
1040,Nimbomancer,13474,0,0,0,100,0,0,0,0,0,0,25000,78000
596,Ninja,1275,0,0,0,0,0,100,0,175,0,0,350,2750
597,Nitro Racer,1695,100,100,100,100,0,100,100,100,100,100,7000,30000
598,Nomad,13175,100,0,0,100,0,100,100,175,100,0,5000,3400
599,Nomadic Warrior,2500,10,10,10,10,0,10,10,10,10,100,11250,73000
600,Nugget,900,100,0,0,0,0,100,100,100,0,0,550,6875
601,Nutcracker,1215,100,100,100,100,0,100,100,100,100,100,2000,18000
602,Octomermaid,6741,0,0,0,100,0,0,0,0,0,0,2700,34200
603,Old One,9850,0,0,0,100,0,0,0,0,0,0,2825,36500
604,Old Spice Collector,3800,100,0,0,0,0,0,0,0,0,0,2500,22000
605,One-Mouse Band,11750,0,0,0,0,0,0,0,0,0,400,2000,62000
606,Onion Chopper,2200,100,100,100,100,0,100,100,100,100,100,5000,5000
607,Ooze,5205,200,0,100,0,0,0,100,0,0,0,5400,5500
608,Ore Chipper,1720,0,0,0,0,0,0,100,0,0,0,3800,10000
609,Ornament,1215,100,100,100,100,0,100,100,100,100,100,2000,18000
610,Outbreak Assassin,17250,0,0,0,100,0,0,0,0,0,0,10000,95000
611,Outlaw,6999,0,0,0,0,0,0,0,0,200,0,10000,9500
612,Over-Prepared,2280,0,0,0,200,0,0,0,100,0,0,500,4000
1023,Overcaster,17275,0,0,0,0,0,0,100,0,0,0,12500,92000
613,Oxygen Baron,7500,0,0,0,100,0,0,0,0,0,0,7800,45000
614,Pack,3373,0,0,0,175,0,0,0,0,0,0,908,6000
615,Page,275,50,50,50,50,25,50,50,200,0,0,210,325
616,Paladin,7700,300,200,200,200,25,75,200,75,0,0,2500,25200
617,Paladin Weapon Master,18501,100,0,5000,0,0,0,0,0,0,0,100000,350000
618,Pan Slammer,2500,100,100,100,100,0,100,100,100,100,100,1000,7200
619,Para Para Dancer,900,100,100,100,100,100,100,100,100,100,100,3000,5000
1060,Paragon of Arcane,225000,500,0,0,0,0,0,0,0,0,0,100000,2000000
1061,Paragon of Dragons,151650,0,500,0,0,0,0,0,0,0,0,100000,2000000
1062,Paragon of Forgotten,315000,0,0,500,0,0,0,0,0,0,0,100000,2000000
1066,Paragon of Shadow,246650,0,0,0,0,0,0,500,0,0,0,100000,2000000
1065,Paragon of Strength,305875,0,0,0,0,0,500,0,0,0,0,100000,2000000
1067,Paragon of Tactics,246965,0,0,0,0,0,0,0,500,0,0,100000,2000000
1063,Paragon of Water,322000,0,0,0,500,0,0,0,0,0,0,100000,2000000
1064,Paragon of the Lawless,124100,0,0,0,0,0,0,0,0,500,0,100000,2000000
620,Parlour Player,4498,0,0,0,0,0,0,0,0,200,0,4500,5500
621,Party Head,510,100,100,100,100,0,100,100,100,100,100,2000,9000
622,Passenger,3000,0,0,0,0,0,0,0,0,200,0,6000,4000
623,Pathfinder,2090,0,0,0,100,0,100,0,175,0,0,660,990
624,Pearl,5720,0,0,0,100,0,0,0,0,0,0,20000,40000
625,Pearl Diver,4960,0,0,0,100,0,0,0,0,0,0,19500,32042
626,Pebble,6,100,0,100,100,0,100,100,100,100,0,600,200
627,Penguin,2508,0,0,0,200,0,0,0,100,0,0,550,4500
628,Phalanx,800,50,50,50,50,25,50,50,200,0,0,1000,430
629,Phase Zombie,975,10,10,10,10,0,10,10,10,10,100,4400,34000
630,Photographer,2752,0,0,0,0,0,0,0,0,200,0,7000,5000
631,Pie Thief,8600,0,0,0,0,0,300,0,300,400,0,900,8250
632,Pinchy,635,0,0,0,175,0,100,0,100,0,0,400,325
633,Pintail,600,100,100,100,100,100,100,100,100,100,100,2000,1700
634,Pirate,1275,100,100,100,175,0,100,100,100,100,0,2750,350
635,Pirate Anchor,6741,0,0,0,100,0,0,0,0,0,0,2700,34200
636,Plague Hag,8801,0,0,0,100,0,0,0,0,0,0,3000,46000
637,Plutonium Tentacle,14999,10,10,10,10,0,10,10,10,10,100,50000,260000
638,Pneumatic Dirt Displacement,1200,10,10,10,10,0,10,10,10,10,100,4500,35000
639,Pocketwatch,5001,0,0,0,0,0,175,0,150,0,0,900,6400
640,Polar Bear,5200,0,0,0,100,0,0,0,0,0,0,900,4225
641,Portable Generator,1000,10,10,10,10,0,10,10,10,10,100,8500,26500
642,Portal Paladin,8000,0,0,0,0,0,0,0,0,0,100,3000,32000
643,Portal Plunderer,1650,0,0,0,0,0,0,0,0,0,100,9000,50000
644,Portal Pursuer,5000,0,0,0,0,0,0,0,0,0,50,2500,28000
645,Possessed Armaments,38000,0,0,0,0,0,0,0,0,0,1000,5000,110000
646,Praetorian Champion,72000,0,0,0,0,0,0,0,0,0,900,6000,100000
647,Present,85,100,100,100,100,100,100,100,100,100,100,1000,860
648,Prestigious Adventurer,150000,0,0,0,0,0,0,0,0,0,2500,5000,125000
649,Primal,19007,0,0,0,0,0,0,150,0,0,0,5800,16450
650,Princess Fist,15501,0,0,0,100,0,0,0,0,0,0,3550,23125
651,Prospector,3498,0,0,0,0,0,0,0,0,200,0,2000,5500
652,Protector,12999,0,0,0,175,0,0,0,0,0,0,3360,12545
653,Prototype,950,10,10,10,10,0,10,10,10,10,100,4000,32000
654,Puddlemancer,9925,0,0,0,0,0,200,0,125,0,0,3360,10480
655,Puffer,3990,0,0,0,100,0,0,0,0,0,0,1250,11600
656,Pugilist,700,100,100,100,100,0,100,100,100,100,100,600,700
657,Pump Raider,1915,0,0,0,0,0,0,0,0,100,0,1000,15000
658,Pumpkin Head,2400,0,0,0,0,0,0,200,100,0,0,960,4500
659,Pumpkin Hoarder,1600,101,101,101,101,101,101,101,101,101,300,1000,1800
660,Puppet Champion,72000,0,0,0,0,0,0,0,0,0,900,6000,100000
661,Puppet Master,100,25,25,25,25,25,100,25,100,0,0,210,200
662,Puppetto,2900,0,0,0,0,0,0,0,0,0,100,1000,46550
663,Pygmy Wrangler,3600,0,0,0,0,0,0,150,0,0,0,1250,6500
664,Pyrehyde,13700,0,100,0,0,0,0,0,0,0,0,10000,80000
665,Pyrite,1300,0,0,0,0,0,0,0,0,200,0,5000,20000
666,Queen Quesada,43680,0,0,0,0,0,0,0,0,520,0,70000,300000
667,Queso Extractor,4310,0,0,0,0,0,0,0,0,100,0,4000,8008
668,Quesodillo,5000,0,0,0,0,0,0,100,0,0,0,950,15750
669,Quillback,8000,0,0,100,100,0,0,0,0,0,0,1000,31000
710,RR-8,7900,100,0,300,0,0,0,0,0,0,0,1100,47000
670,Radioactive Ooze,1601,10,10,10,10,0,10,10,10,10,100,2500,42000
671,Rain Collector,2400,100,50,0,0,0,0,150,0,0,0,5000,48000
672,Rain Summoner,7000,100,50,0,0,0,0,150,0,0,0,3500,40000
673,Rain Wallower,3800,100,50,0,0,0,0,150,0,0,0,4745,21340
674,Rainbow Racer,3100,100,100,100,100,0,100,100,100,100,100,7500,80000
675,Rainmancer,18500,100,50,0,0,0,0,150,0,0,0,2250,32000
676,Rainwater Purifier,3500,100,100,0,0,0,0,100,0,0,0,9000,60000
677,Rambunctious Rain Rumbler,13700,0,100,0,0,0,0,0,0,0,0,1950,50000
678,Rancid Bog Beast,2199,10,10,10,10,0,10,10,10,10,100,4000,3000
679,Ravenous Zombie,2385,100,0,100,0,0,25,200,25,0,0,2000,60000
680,Raw Diamond,1525,10,10,10,10,0,10,10,10,10,100,1000,4000
681,Reality Restitch,300,100,100,100,100,100,100,100,100,100,100,1440,3000
682,Realm Ripper,3200,400,0,100,0,0,0,100,0,0,0,9000,90000
683,Reanimated Carver,14651,100,0,125,0,0,0,0,0,0,0,1200,8700
684,Reaper,11400,200,0,100,0,0,0,100,0,0,0,4000,28000
685,Record Keeper,2300,0,0,0,0,0,0,0,0,0,100,3000,27000
686,Record Keeper's Assistant,1650,0,0,0,0,0,0,0,0,0,100,7500,47500
687,Red Coat Bear,1750,10,10,10,10,0,10,10,10,10,100,888,888
688,Red Envelope,1317,150,150,150,150,150,150,150,150,445,445,11500,71500
689,Red-Eyed Watcher Owl,2000,10,10,10,10,0,10,10,10,10,100,21000,210000
1044,Regal Spearman,68550,0,300,0,0,0,0,0,0,0,0,1000,15000
690,Reinbo,755,100,100,100,100,0,100,100,100,100,100,935,650
691,Relic Hunter,1250,100,100,100,100,0,100,100,100,100,100,7350,550
692,Renegade,8085,0,0,0,0,0,100,0,0,0,0,1000000,1000000
693,Retired Minotaur,1824975,100,0,5000,0,0,0,0,0,0,0,1500,18000
694,Reveling Lycanthrope,23500,100,0,0,0,0,0,150,0,0,0,8000,55000
695,Revenant,1150,10,10,10,10,0,10,10,10,10,100,900,5000
696,Ribbon,85,100,100,100,100,0,100,100,100,100,100,50415,183340
1068,Richard the Rich,33725,100,100,100,100,0,100,100,100,100,0,5000,17500
697,Ridiculous Sweater,370,100,100,100,100,0,100,100,100,100,100,3300,27750
698,Rift Bio Engineer,980,10,10,10,10,0,10,10,10,10,100,4000,34000
699,Rift Guardian,1225,10,10,10,10,0,10,10,10,10,100,9200,66250
700,Rift Tiger,2000,10,10,10,10,0,10,10,10,10,100,4700,36750
701,Rifterranian,1250,10,10,10,10,0,10,10,10,10,100,2025,19750
702,Riftweaver,900,10,10,10,10,0,10,10,10,10,100,3800,32000
703,Riptide,3260,150,0,200,0,0,0,200,0,0,0,4200,32500
704,Robat,975,10,10,10,10,0,10,10,10,10,100,875,2750
705,Rock Muncher,1145,100,0,0,0,0,100,100,100,0,0,3400,1000
706,Rockstar,3000,100,100,100,100,0,100,100,100,100,100,295,700
707,Rogue,600,25,25,25,25,25,200,25,100,100,0,300,0
708,Romeno,1,100,100,100,100,0,100,100,100,100,100,1200,1000
709,Romeo,3000,100,100,100,100,0,100,100,100,100,100,4988,32500
711,Rubble Rouser,4225,0,0,0,0,0,0,100,0,0,0,8000,35000
712,Rubble Rummager,3480,0,0,0,0,0,0,100,0,0,0,4500,12000
713,Ruffian,4001,0,0,0,0,0,0,0,0,200,0,1250,7500
714,S.N.O.W. Golem,1695,100,100,100,100,0,100,100,100,100,100,18000,60000
715,Saboteur,4500,0,0,0,100,0,0,0,0,0,0,850,12225
716,Sacred Shrine,5200,300,200,200,200,25,75,200,75,0,0,9000,19500
717,Saloon Gal,3498,0,0,0,0,0,0,0,0,200,0,1200,3750
718,Salt Water Snapper,1650,0,0,0,175,0,100,0,100,0,0,1200,1980
719,Saltwater Axolotl,3990,0,0,0,100,0,0,0,0,0,0,12000,27500
720,Samurai,6630,0,0,0,0,0,100,0,175,0,0,850,5000
721,Sand Cavalry,5500,0,0,0,75,0,75,0,100,0,0,5200,24000
722,Sand Colossus,5000,0,0,0,0,0,0,100,0,0,0,1500,20500
723,Sand Dollar Diver,3750,0,0,0,100,0,0,0,0,0,0,7790,25000
724,Sand Dollar Queen,4300,0,0,0,100,0,0,0,0,0,0,19000,30000
725,Sand Pilgrim,3000,0,0,0,0,0,0,100,0,0,0,1150,13250
726,Sandmouse,1800,101,101,101,101,101,101,101,101,101,300,5000,30000
727,Sandwing Cavalry,6200,0,0,0,75,0,75,0,100,0,0,6000,26400
728,Sanguinarian,13601,100,0,300,0,0,0,0,0,0,0,5000,45950
729,Sarcophamouse,5000,0,0,0,0,0,0,100,0,0,0,2550,17000
730,Scarab,7998,0,0,0,0,0,0,100,0,0,0,3500,16500
731,Scarecrow,2645,0,0,0,0,0,0,200,100,0,0,1200,5000
1054,Scarlet Revenger,76000,200,200,200,200,0,200,200,200,200,0,26050,189835
732,Scavenger,5205,200,0,100,0,0,0,100,0,0,0,5200,3375
733,School of Mish,3930,0,0,0,100,0,0,0,0,0,0,1900,19100
734,Scorned Pirate,2350,101,101,101,101,101,101,101,101,101,300,5750,10000
735,Scout,2200,0,0,0,175,0,100,0,100,0,0,110,1190
736,Scrap Metal Monster,10000,0,0,0,100,0,0,0,0,0,0,4200,36000
737,Scribe,26999,0,0,0,0,0,300,0,275,0,0,9000,14000
738,Scrooge,2100,100,100,100,100,0,100,100,100,100,100,2840,470
739,Scruffy,120,100,100,100,100,0,100,100,100,100,100,400,250
740,Seadragon,4900,0,0,0,100,0,0,0,0,0,0,2250,24300
1028,Seasoned Islandographer,20550,0,0,0,0,0,0,0,100,0,0,10000,100000
741,Seer,7357,0,0,0,0,0,100,0,0,0,0,6120,5000
742,Sentient Slime,1750,0,0,0,0,0,0,0,0,0,100,6000,30000
743,Sentinel,4800,0,0,0,75,0,100,0,75,0,0,3300,21300
744,Serpent Monster,26599,0,0,0,100,0,0,0,0,0,0,5550,70000
745,Serpentine,7998,0,0,0,0,0,0,100,0,0,0,1650,25250
746,Shackled Servant,5800,0,0,0,0,0,0,0,0,0,200,8000,55000
747,Shade of the Eclipse,7000000,0,0,0,0,0,0,0,0,0,100000,25000,500000
1024,Shadow Sage,73500,0,0,0,0,0,0,300,0,0,0,21000,205000
748,Shadow Stalker,51990,0,0,50,0,0,0,0,0,0,0,700,70000
749,Shaman,755,100,0,0,100,0,100,100,175,100,0,1300,600
750,Shaolin Kung Fu,12375,0,0,0,0,0,0,0,0,0,200,4000,52000
751,Shard Centurion,1340,10,10,10,10,0,10,10,10,10,100,4600,52000
752,Sharpshooter,4999,0,0,0,0,0,0,0,0,200,0,16000,15000
753,Shattered Carmine,40000,0,0,0,100,0,0,0,0,0,0,19500,225000
754,Shattered Obsidian,8325,0,0,100,50,0,0,0,0,0,0,4000,58000
755,Shelder,1270,0,0,0,175,0,100,0,100,0,0,300,2600
756,Shinobi,2910,0,0,0,0,0,0,0,0,0,100,1200,48000
757,Shipwrecked,1485,0,0,0,175,0,100,0,100,0,0,90,2100
758,Shopkeeper,3001,0,0,0,0,0,0,0,0,200,0,4500,4500
760,Shortcut,1750,101,101,101,101,101,101,101,101,101,300,3100,5500
759,Shorts-All-Year,1695,100,100,100,100,0,100,100,100,100,100,9000,30000
761,Shroom,7000,0,0,0,100,0,0,0,0,0,0,2650,12500
762,Silth,60001,100,0,0,175,0,100,100,125,0,0,15200,25450
763,Silvertail,770,100,0,100,100,0,100,100,100,100,0,1200,1200
764,Sinister Egg Painter,1100,100,100,100,100,0,100,100,100,100,100,1200,5000
765,Sir Fleekio,16700,100,0,300,0,0,0,0,0,0,0,27000,90000
766,Siren,5508,0,0,0,175,0,100,0,100,0,0,600,5200
767,Sizzle Pup,5725,0,100,0,0,0,0,0,0,0,0,3000,35000
768,Skeletal Champion,1550,0,0,0,0,0,0,0,0,0,100,1000,20000
769,Skeleton,3175,200,0,100,0,0,0,100,0,0,0,960,2392
1030,Sky Dancer,18375,100,0,0,0,0,0,0,0,0,0,10250,102000
1031,Sky Glass Glazier,16100,100,0,0,0,0,0,0,0,0,0,12500,92000
1032,Sky Glass Sorcerer,11000,100,0,0,0,0,0,0,0,0,0,26000,80000
1014,Sky Greaser,8185,100,100,100,100,0,100,100,100,100,0,3000,50000
1033,Sky Highborne,64845,300,0,0,0,0,0,0,0,0,0,21000,205000
1020,Sky Squire,80460,0,0,0,0,0,300,0,0,0,0,30000,200000
1041,Sky Surfer,20374,0,0,0,100,0,0,0,0,0,0,12150,90000
1021,Sky Swordsman,18610,0,0,0,0,0,100,0,0,0,0,12150,90000
1015,Skydiver,5950,100,100,100,100,0,100,100,100,100,0,1500,37600
770,Slay Ride,1695,100,100,100,100,0,100,100,100,100,100,7000,30000
771,Slayer,14000,0,0,0,0,0,0,0,175,0,0,4200,10455
772,Sleepwalker,800,100,100,100,100,100,100,100,100,100,100,2000,1700
773,Sleepy Merchant,420,0,0,0,0,0,0,0,0,100,0,5000,25000
774,Slimefist,18500,0,0,0,100,0,0,0,0,0,0,4900,110000
775,Slope Swimmer,1200,100,0,100,100,0,100,100,100,100,0,1000,1600
776,Sludge,3900,0,0,0,100,0,0,0,0,0,0,3500,4500
777,Sludge Scientist,462,100,0,100,100,0,100,100,100,100,0,525,465
778,Sludge Soaker,7400,0,0,0,100,0,0,0,0,0,0,4500,35000
779,Sludge Swimmer,19000,0,0,0,100,0,0,0,0,0,0,10000,120000
780,Smoldersnap,7820,0,100,0,0,0,0,0,0,0,0,5000,40000
781,Snake Charmer,6351,0,0,0,0,0,300,0,300,300,0,600,4200
782,Snooty,12240,100,100,100,100,0,100,100,100,100,100,10,10
783,Snow Boulder,85,100,100,100,100,0,100,100,100,100,0,900,7000
784,Snow Bowler,6500,0,0,0,100,0,0,0,0,0,0,3845,11650
785,Snow Fort,4510,100,100,100,100,0,100,100,100,100,100,2800,24000
786,Snow Golem Architect,370,100,100,100,100,0,100,100,100,100,100,5000,20000
787,Snow Golem Jockey,510,100,100,100,100,0,100,100,100,100,100,3000,10000
788,Snow Scavenger,510,100,100,100,100,0,100,100,100,100,100,1200,4500
789,Snow Slinger,5400,0,0,0,100,0,0,0,0,0,0,2450,7825
790,Snow Sniper,5600,0,0,0,100,0,0,0,0,0,0,550,9255
791,Snow Soldier,5200,0,0,0,100,0,0,0,0,0,0,1200,3995
792,Snow Sorceress,3740,100,100,100,100,0,100,100,100,100,100,3000,16000
793,Snowball Hoarder,288,100,100,100,100,0,100,100,100,100,0,500,9500
794,Snowblind,5600,0,0,0,100,0,0,0,0,0,0,850,8835
795,Snowblower,288,100,100,100,100,0,100,100,100,100,100,200,6775
796,Snowflake,285,100,100,100,100,0,100,100,100,100,100,3000,5000
797,Snowglobe,370,100,100,100,100,0,100,100,100,100,100,2000,12600
798,Sock Puppet Ghost,210,25,25,25,25,25,100,25,100,0,0,210,225
799,Soldier of the Shade,350000,0,0,0,0,0,0,0,0,0,5000,8000,150000
800,Solemn Soldier,40602,100,0,300,0,0,0,0,0,0,0,7700,40000
801,Soothsayer,8469,0,0,0,175,0,0,0,0,0,0,3600,9075
802,Sorcerer,5208,200,0,100,0,0,0,100,0,0,0,350,6200
803,Soul Binder,18501,100,0,5000,0,0,0,0,0,0,0,100000,350000
804,Spear Fisher,9850,0,0,0,100,0,0,0,0,0,0,4200,39000
805,Spectral Butler,3200,101,101,101,101,101,101,101,101,101,300,4800,20000
806,Spectral Swashbuckler,3000,101,101,101,101,101,101,101,101,101,300,1300,2500
807,Spectre,5210,200,0,100,0,0,0,100,0,0,0,5600,5600
808,Speedy,290,100,100,100,100,0,100,100,100,100,100,900,950
809,Spellbinder,4455,0,0,0,0,0,100,0,0,0,0,5400,3200
1035,Spheric Diviner,86670,0,0,300,0,0,0,0,0,0,0,21000,205000
810,Spice Farmer,2455,100,0,0,0,0,0,0,0,0,0,3070,30000
811,Spice Finder,5575,100,0,0,0,0,0,0,0,0,0,6000,46000
812,Spice Merchant,13950,0,0,0,0,0,300,0,300,300,0,2400,11000
813,Spice Raider,3810,100,0,0,0,0,0,0,0,0,0,8000,50000
814,Spice Reaper,6700,100,0,0,0,0,0,0,0,0,0,9000,62200
815,Spice Seer,1873,100,0,0,0,0,0,0,0,0,0,2000,20000
816,Spice Sovereign,3080,100,0,0,0,0,0,0,0,0,0,5000,40000
817,Spider,5205,200,0,100,0,0,0,100,0,0,0,3375,5200
818,Spiked Burrower,5750,0,0,100,100,0,0,0,0,0,0,700,23000
819,Spiky Devil,3000,0,0,0,0,0,0,100,0,0,0,2600,14500
820,Spirit Fox,1750,10,10,10,10,0,10,10,10,10,100,9250,65250
821,Spirit Light,600,101,101,101,101,101,101,101,101,101,300,500,1200
822,Spirit of Balance,1500,10,10,10,10,0,10,10,10,10,100,5300,56650
823,Spiritual Steel,1340,10,10,10,10,0,10,10,10,10,100,4500,50000
824,Splintered Stone Sentry,7050,0,0,100,50,0,0,0,0,0,0,3200,57000
825,Spore,3000,0,0,0,100,0,0,0,0,0,0,1500,12000
826,Spore Muncher,5275,0,0,100,100,0,0,0,0,0,0,575,18000
827,Spore Salesman,2200,100,100,0,0,0,0,100,0,0,0,900,18000
828,Sporeticus,5175,0,0,100,100,0,0,0,0,0,0,500,12000
829,Sporty Ski Instructor,370,100,100,100,100,0,100,100,100,100,100,2000,12600
830,Spotted,5,100,100,100,100,0,100,100,100,100,100,175,175
831,Spring Familiar,10500,0,0,0,0,0,200,0,125,0,0,760,9072
832,Spring Sprig,2250,100,100,100,100,0,100,100,100,100,100,2350,3300
833,Sprinkly Sweet Cupcake Cook,1000,100,100,100,100,100,100,100,100,100,100,5000,8000
1036,Spry Sky Explorer,9594,0,0,100,0,0,0,0,0,0,0,26000,80000
1037,Spry Sky Seer,16175,0,0,100,0,0,0,0,0,0,0,12500,92000
834,Spud,300,100,100,100,100,0,100,100,100,100,100,500,300
835,Squeaken,13250,0,0,0,175,0,100,0,100,0,0,3456,5528
836,Squeaker Bot,65,100,0,100,100,0,100,100,100,100,0,650,400
837,Squeaker Claws,3100,100,100,100,100,0,100,100,100,100,100,4745,21340
1049,Stack of Thieves,8400,0,0,0,0,0,0,0,0,100,0,12500,95000
838,Stagecoach Driver,6999,0,0,0,0,0,0,0,0,200,0,8000,11000
839,Stalagmite,14799,0,0,200,0,0,0,0,0,0,0,3000,62500
840,Stealth,300,25,25,25,25,25,200,25,100,100,0,295,500
841,Steam Grip,23001,0,0,0,0,0,300,0,275,0,0,7000,8000
842,Steam Sailor,5365,0,100,0,0,0,0,0,0,0,0,2000,12000
843,Steel,595,100,100,100,100,0,100,100,100,100,100,500,270
844,Steel Horse Rider,4999,0,0,0,0,0,0,0,0,200,0,12000,9000
845,Stickybomber,4500,0,0,0,100,0,0,0,0,0,0,725,6850
846,Stinger,13200,0,0,0,0,0,0,0,150,0,0,4620,13800
847,Stingray,4300,0,0,0,100,0,0,0,0,0,0,1990,31700
848,Stocking,3100,100,100,100,100,0,100,100,100,100,100,4745,21340
849,Stone Cutter,2100,100,0,0,0,0,100,100,100,0,0,1800,4360
850,Stone Maiden,3950,0,0,100,50,0,0,0,0,0,0,5000,45000
851,Stonework Warrior,20749,0,0,0,0,0,0,150,0,0,0,4510,24670
852,"Stormsurge, the Vile Tempest",63300,0,600,0,0,0,0,0,0,0,0,20000,200000
853,Stoutgear,4000,0,0,0,0,0,0,0,0,200,0,8500,7000
854,Stowaway,2501,0,0,0,0,0,0,0,0,200,0,2000,4000
1025,Stratocaster,19700,0,0,0,0,0,0,100,0,0,0,10250,102000
855,Strawberry Hotcakes,4500,0,0,0,100,0,0,0,0,0,0,1950,14500
856,Stuck Snowball,1033,100,100,100,100,0,100,100,100,100,100,650,2000
857,Student of the Cheese Belt,6885,0,0,0,0,0,100,0,175,0,0,450,6250
858,Student of the Cheese Claw,6885,0,0,0,0,0,100,0,175,0,0,450,6250
859,Student of the Cheese Fang,6885,0,0,0,0,0,100,0,175,0,0,450,6250
860,Student of the Chi Belt,15000,0,0,0,0,0,0,0,0,0,200,9000,90000
861,Student of the Chi Claw,15000,0,0,0,0,0,0,0,0,0,200,9000,90000
862,Student of the Chi Fang,15000,0,0,0,0,0,0,0,0,0,200,9000,90000
863,Stuffy Banker,4498,0,0,0,0,0,0,0,0,200,0,11500,8000
1055,Suave Pirate,18510,100,100,100,100,0,100,100,100,100,0,21000,87510
864,Subterranean,9500,100,0,0,0,0,100,100,100,0,0,5800,11000
865,Sugar Rush,3200,101,101,101,101,101,101,101,101,101,300,2000,2600
866,Summer Mage,19800,0,0,0,0,0,0,0,150,0,0,7520,16560
867,Summoning Scholar,7900,100,0,300,0,0,0,0,0,0,0,4988,32500
868,Sunken Banshee,9850,0,0,0,100,0,0,0,0,0,0,2825,36500
869,Sunken Citizen,3930,0,0,0,100,0,0,0,0,0,0,342,17800
870,Super FighterBot MegaSupreme,2450,100,100,100,100,100,100,100,100,100,100,2000,7000
871,Super Mega Mecha Ultra RoboGold,2300,10,10,10,10,0,10,10,10,10,100,4200,52500
872,Supernatural,980,10,10,10,10,0,10,10,10,10,100,2900,25000
873,Supply Hoarder,4999,0,0,0,0,0,0,0,0,200,0,12000,8000
874,Supreme Sensei,404014,0,0,0,0,0,0,0,0,0,200,60000,325000
875,Surgeon Bot,975,10,10,10,10,0,10,10,10,10,100,2500,32500
876,Swabbie,570,0,0,0,175,0,100,0,100,0,0,50,70
877,Swamp Runner,2150,0,0,0,100,0,0,0,0,0,0,500,3250
878,Swamp Thang,1800,101,101,101,101,101,101,101,101,101,300,2750,32500
879,Swarm of Pygmy Mice,3000,0,0,0,0,0,0,150,0,0,0,840,5800
880,Swashblade,8709,0,0,0,100,0,0,0,0,0,0,2800,35355
881,Sylvan,200,100,0,0,100,0,100,100,175,100,0,425,275
882,Tadpole,5400,0,0,0,100,0,0,0,0,0,0,2500,26000
883,Taleweaver,2000,0,0,0,175,0,100,0,100,0,0,99,1090
884,Tanglefoot,4420,0,0,0,0,0,200,0,125,0,0,3280,7875
885,Tech Golem,40602,100,0,300,0,0,0,0,0,0,0,7700,40000
886,Tech Ravenous Zombie,1100,10,10,10,10,0,10,10,10,10,100,4800,37500
887,Technic Bishop,10800,0,0,0,0,0,0,0,100,0,0,1100,33265
888,Technic King,38398,0,0,0,0,0,0,0,4000,0,0,10470,80730
889,Technic Knight,8596,0,0,0,0,0,0,0,100,0,0,1980,15590
890,Technic Pawn,1800,0,0,0,0,0,0,0,100,0,0,1090,7200
891,Technic Queen,22004,0,0,0,0,0,0,0,100,0,0,17080,66240
892,Technic Rook,18620,0,0,0,0,0,0,0,100,0,0,2785,59400
893,Teenage Vampire,100,101,101,101,101,101,101,101,101,101,300,900,1000
894,Telekinetic Mutant,14498,0,0,0,100,0,0,0,0,0,0,2000,79000
895,Tentacle,12000,0,0,0,100,0,0,0,0,0,0,6000,79000
896,Terra,2200,100,100,100,100,25,75,400,75,0,0,1000,4200
897,Terrible Twos,300,25,25,25,25,200,25,25,25,100,25,1200,800
898,Terrified Adventurer,100,0,0,0,0,0,0,0,0,0,150,4795,70000
899,Terror Knight,5750,200,0,100,0,0,0,100,0,0,0,200,8400
900,The Menace,20001,0,0,0,100,0,0,0,0,0,0,10500,125000
901,The Total Eclipse,13500000,0,0,0,0,0,0,0,0,0,100000,100000,1000000
902,Theurgy Warden,10498,0,0,0,75,0,100,0,75,0,0,3000,81000
903,Thirsty,999,0,0,0,100,0,0,0,0,0,0,1000,1000
904,Thistle,4000,0,0,0,100,0,0,0,0,0,0,1150,9050
905,Thorn,6000,0,0,0,100,0,0,0,0,0,0,1850,12500
906,Thunder Strike,1650,0,100,0,0,0,0,0,0,0,0,10000,60000
907,Thundering Watcher,16500,0,300,0,0,0,0,0,0,0,0,18000,100000
908,Thunderlord,13500,0,300,0,0,0,0,0,0,0,0,15000,90000
909,Tidal Fisher,2500,150,0,125,0,0,0,200,0,0,0,3800,9800
910,Tiger,6700,100,0,0,100,0,100,100,175,100,0,935,5500
911,Time Punk,1000,100,100,100,100,100,100,100,100,100,100,250,2500
912,Time Tailor,1500,100,100,100,100,100,100,100,100,100,100,500,3000
913,Time Thief,2850,100,100,100,100,100,100,100,100,100,100,8583,9165
914,Timeless Lich,9500,0,0,0,0,0,0,0,0,0,300,18000,130000
915,Timelost Thaumaturge,4700,0,0,0,0,0,0,0,0,0,200,7500,70000
916,Timeslither Pythoness,8800,0,0,0,0,0,0,0,0,0,200,20000,100000
917,Timid Explorer,3300,0,0,0,0,0,0,0,0,0,100,1982,25180
918,Tiny,7,100,100,100,100,0,100,100,100,100,100,450,200
1045,Tiny Dragonfly,10390,0,100,0,0,0,0,0,0,0,0,26000,85000
919,Tiny Saboteur,1120,0,0,0,0,0,0,0,0,100,0,900,8500
920,Tiny Toppler,2815,0,0,0,0,0,0,100,0,0,0,2000,16000
921,Titanic Brain-Taker,1800,101,101,101,101,101,101,101,101,101,300,2750,32500
922,Toboggan Technician,85,100,100,100,100,0,100,100,100,100,100,700,3165
923,Tomb Exhumer,1100,100,100,100,100,0,100,100,100,100,200,6500,50000
924,Tome Sprite,6200,0,0,0,0,0,125,0,200,0,0,1800,14000
925,Tonic Salesman,4498,0,0,0,0,0,0,0,0,200,0,8750,3000
926,Totally Not Bitter,650,100,100,100,100,0,100,100,100,100,100,450,1850
927,Toxic Avenger,2100,10,10,10,10,0,10,10,10,10,100,1850,48000
928,Toxic Warrior,17000,0,0,0,100,0,0,0,0,0,0,7000,90000
929,Toxikinetic,1700,10,10,10,10,0,10,10,10,10,100,900,47500
930,Toy,85,100,100,100,100,0,100,100,100,100,100,700,3165
931,Toy Sylvan,3,25,25,25,25,25,100,25,100,0,0,100,115
932,Toy Tinkerer,120,100,100,100,100,0,100,100,100,100,100,900,5000
933,Trailblazer,2090,0,0,0,100,0,100,0,100,0,0,880,790
934,Train Conductor,3253,0,0,0,0,0,0,0,0,200,0,3500,6000
935,Train Engineer,3499,0,0,0,0,0,0,0,0,200,0,4500,8000
936,Trampoline,750,100,100,100,100,0,100,100,100,100,100,420,420
937,Travelling Barber,3253,0,0,0,0,0,0,0,0,200,0,3000,5500
938,Treant,760,100,0,0,100,0,100,100,175,100,0,600,1300
939,Treant Queen,1500,10,10,10,10,0,10,10,10,10,100,5250,57750
940,Treasure Brawler,27900,100,0,300,0,0,0,0,0,0,0,37250,72000
941,Treasure Hoarder,6549,0,0,0,100,0,0,0,0,0,0,20000,40200
942,Treasure Keeper,8600,0,0,0,100,0,0,0,0,0,0,23000,41000
943,Treasurer,4080,100,100,100,100,0,100,100,100,100,100,10,10
944,Treat,2000,101,101,101,101,101,101,101,101,101,300,8400,8100
945,Tree Troll,2000,10,10,10,10,0,10,10,10,10,100,9225,65750
946,Tri-dra,7500,10,10,10,10,0,10,10,10,10,100,28500,175000
947,Trick,2000,101,101,101,101,101,101,101,101,101,300,8100,8400
948,Tricky Witch,1250,101,101,101,101,101,101,101,101,101,300,1000,4250
949,Triple Lutz,285,100,100,100,100,0,100,100,100,100,100,750,600
950,Tritus,68501,0,0,0,100,0,0,0,0,0,0,96100,300000
951,Troll,14460,100,0,0,100,0,100,175,100,0,0,8190,8190
952,Tumbleweed,2750,0,0,0,0,0,0,0,0,200,0,900,3250
953,Tundra Huntress,6620,100,100,100,100,0,100,100,100,100,100,5780,32000
954,Turret Guard,9850,0,0,0,100,0,0,0,0,0,0,2825,36500
955,Twisted Carmine,20001,0,0,0,100,0,0,0,0,0,0,6525,85250
956,Twisted Fiend,3000,150,0,125,0,0,0,200,0,0,0,1100,10500
957,Twisted Hotcakes,7501,0,0,0,100,0,0,0,0,0,0,3250,15400
958,Twisted Lilly,9499,0,0,0,100,0,0,0,0,0,0,1650,9500
959,Twisted Treant,1500,10,10,10,10,0,10,10,10,10,100,4300,41750
960,Undertaker,6999,0,0,0,0,0,0,0,0,200,0,9000,12000
961,Unwavering Adventurer,4800,0,0,0,0,0,0,0,0,0,175,2000,55000
962,Upper Class Lady,4498,0,0,0,0,0,0,0,0,200,0,8000,4500
963,Urchin King,11150,0,0,0,100,0,0,0,0,0,0,2850,37000
964,Vampire,2340,100,0,100,0,0,25,200,25,0,0,900,1400
965,Vanguard,4100,0,0,0,75,0,100,0,75,0,0,2600,14000
966,Vanquisher,9319,0,0,0,175,0,0,0,0,0,0,2560,9980
967,Vaporior,10000,0,100,0,0,0,0,0,0,0,0,7000,40000
968,Vigilant Ward,5000,0,0,0,0,0,0,0,0,0,200,5000,42275
969,"Vincent, The Magnificent",4000,100,100,100,100,100,100,100,100,100,100,10000,10000
970,Vinetail,18900,0,0,0,0,0,200,0,125,0,0,6580,13172
971,Violet Stormchild,2000,0,100,0,0,0,0,0,0,0,0,10000,70000
972,Walker,14751,0,0,0,0,0,125,0,250,0,0,3000,17000
973,Wandering Monk,15275,0,0,0,0,0,0,0,0,0,200,4200,68000
1056,Warden of Fog,203580,400,400,400,400,0,400,400,400,400,0,30000,200000
1057,Warden of Frost,203580,400,400,400,400,0,400,400,400,400,0,30000,200000
1058,Warden of Rain,203580,400,400,400,400,0,400,400,400,400,0,30000,200000
1059,Warden of Wind,203580,400,400,400,400,0,400,400,400,400,0,30000,200000
974,Warehouse Manager,4498,0,0,0,0,0,0,0,0,200,0,14000,7500
975,Warming Wyvern,7350,0,100,0,0,0,0,0,0,0,0,4500,28000
976,Warmonger,43007,75,0,0,75,0,100,0,75,0,0,27000,198000
977,Water Nymph,4280,0,0,0,175,0,100,0,100,0,0,790,4725
978,Water Sprite,1750,10,10,10,10,0,10,10,10,10,100,7250,46500
979,Water Wielder,7500,0,0,0,100,0,0,0,0,0,0,4920,13250
980,Wave Racer,1250,100,100,100,100,0,100,100,100,100,100,550,800
981,Wealth,1525,10,10,10,10,0,10,10,10,10,100,12000,35000
982,Wealthy Werewarrior,18900,100,0,0,0,0,0,150,0,0,0,5000,36000
983,Werehauler,17000,100,0,0,0,0,0,150,0,0,0,1500,19000
984,Wereminer,29001,100,0,0,0,0,0,150,0,0,0,2900,28000
985,Whelpling,1275,0,100,0,75,0,75,0,75,0,0,12280,1310
986,Whirleygig,2185,0,0,0,0,0,0,200,100,0,0,875,4000
987,White,1,100,100,100,100,0,100,100,100,100,100,100,70
988,White Mage,5200,300,200,200,200,25,75,200,75,0,0,9000,20400
989,Wicked Witch of Whisker Woods,1270,100,0,0,100,0,100,100,175,100,0,2700,400
990,Wiggler,90,100,0,0,100,0,100,100,175,100,0,150,100
991,Wight,13780,200,0,100,0,0,0,100,0,0,0,900,8750
992,Wild Chainsaw,1800,101,101,101,101,101,101,101,101,101,300,1150,2200
993,Wind Warrior,21200,150,50,0,0,0,0,100,0,0,0,7500,80000
994,Wind Watcher,4100,150,50,0,0,0,0,100,0,0,0,3500,40000
995,Windy Farmer,2400,100,100,0,0,0,0,100,0,0,0,2500,42000
996,Winged Harpy,2500,10,10,10,10,0,10,10,10,10,100,11350,72000
997,Winter Games,500,100,100,100,100,0,100,100,100,100,100,300,315
998,Winter Mage,21600,0,0,0,200,0,0,0,100,0,0,9400,18065
999,Withered Remains,29000,0,0,0,0,0,0,0,0,0,700,4000,75000
1000,Wolfskie,5400,0,0,0,100,0,0,0,0,0,0,1100,8250
1001,Wordsmith,2525,0,0,0,100,0,100,0,100,0,0,800,720
1002,Worker,635,0,0,0,0,0,100,0,175,0,0,2200,300
1029,Worried Wayfinder,12410,0,0,0,0,0,0,0,100,0,0,25000,78000
1003,Wound Up White,1,25,25,25,25,25,100,25,100,0,0,100,70
1004,Wreath Thief,2100,100,100,100,100,0,100,100,100,125,100,3000,19000
1005,Yeti,6500,0,0,0,100,0,0,0,0,0,0,1245,12350
1006,Young Prodigy Racer,85,100,100,100,100,0,100,100,100,100,100,900,5000
1007,Zephyr,4100,100,100,100,100,25,75,400,75,0,0,1000,5900
1008,Zombie,920,100,0,100,0,0,100,200,25,0,0,1900,2000
1009,Zombot Unipire,330,101,101,101,101,101,101,101,101,101,300,750,1750
1010,Zombot Unipire the Third,1000,10,10,10,10,0,10,10,10,10,100,4500,45000
1011,Zurreal the Eternal,73001,0,0,0,0,0,0,0,5500,0,0,36000,79000
